Country,year,YearlyAvgTemp
Brazil,1832,19.142958333333333
Brazil,1833,19.80895652173913
Brazil,1834,19.519826086956524
Brazil,1835,18.930652173913046
Brazil,1836,19.140916666666666
Brazil,1837,18.729458333333334
Brazil,1838,18.92721739130435
Brazil,1839,18.943
Brazil,1840,19.39225
Brazil,1841,19.00536363636364
Brazil,1842,19.5735
Brazil,1843,19.700458333333334
Brazil,1851,19.652874999999998
Brazil,1852,19.705208333333335
Brazil,1853,19.702458333333333
Brazil,1854,19.833708333333334
Brazil,1855,19.781458333333333
Brazil,1856,19.257347826086956
Brazil,1857,19.609304347826086
Brazil,1858,19.160478260869567
Brazil,1859,19.77204347826087
Brazil,1860,19.68691666666667
Brazil,1861,19.3255
Brazil,1862,19.27825
Brazil,1863,19.269000000000002
Brazil,1864,19.376333333333335
Brazil,1865,19.534541666666666
Brazil,1866,19.71808695652174
Brazil,1867,19.608333333333334
Brazil,1868,20.167083333333334
Brazil,1869,20.152652173913044
Brazil,1870,20.005541666666666
Brazil,1871,19.66929166666667
Brazil,1872,19.765583333333336
Brazil,1873,19.985125
Brazil,1874,19.362956521739132
Brazil,1875,18.991
Brazil,1876,19.347916666666666
Brazil,1877,20.185833333333335
Brazil,1878,20.00883333333333
Brazil,1879,19.245416666666667
Brazil,1880,19.667083333333334
Brazil,1881,19.585666666666665
Brazil,1882,19.103875000000002
Brazil,1883,19.281958333333336
Brazil,1884,19.260125
Brazil,1885,19.650458333333333
Brazil,1886,19.16754166666667
Brazil,1887,19.521083333333333
Brazil,1888,19.961916666666667
Brazil,1889,19.91175
Brazil,1890,19.29475
Brazil,1891,19.682125000000003
Brazil,1892,19.469291666666667
Brazil,1893,19.2174347826087
Brazil,1894,19.580250000000003
Brazil,1895,19.828416666666666
Brazil,1896,19.974166666666665
Brazil,1897,19.8295
Brazil,1898,19.580125000000002
Brazil,1899,19.916454545454545
Brazil,1900,20.2535
Brazil,1901,19.804333333333336
Brazil,1902,20.158416666666668
Brazil,1903,19.913833333333333
Brazil,1904,19.166416666666667
Brazil,1905,19.901666666666667
Brazil,1906,19.973958333333332
Brazil,1907,19.568583333333333
Brazil,1908,19.626
Brazil,1909,19.368666666666666
Brazil,1910,19.509521739130435
Brazil,1911,19.220083333333335
Brazil,1912,19.622625000000003
Brazil,1913,20.061333333333334
Brazil,1914,20.370166666666666
Brazil,1915,20.51518181818182
Brazil,1916,19.55308695652174
Brazil,1917,19.108208333333334
Brazil,1918,19.46334782608696
Brazil,1919,20.122125
Brazil,1920,19.680695652173913
Brazil,1921,19.44995652173913
Brazil,1922,19.915875000000003
Brazil,1923,19.686333333333334
Brazil,1924,19.181260869565218
Brazil,1925,19.827875000000002
Brazil,1926,20.41154166666667
Brazil,1927,20.05275
Brazil,1928,20.13082608695652
Brazil,1929,19.94725
Brazil,1930,20.09604347826087
Brazil,1931,19.78654166666667
Brazil,1932,20.44425
Brazil,1933,19.823208333333334
Brazil,1934,20.073208333333334
Brazil,1935,20.11766666666667
Brazil,1936,20.210652173913044
Brazil,1937,19.970000000000002
Brazil,1938,20.065833333333334
Brazil,1939,20.618695652173916
Brazil,1940,20.371791666666667
Brazil,1941,20.129125
Brazil,1942,19.841125
Brazil,1943,19.889875
Brazil,1944,20.249666666666666
Brazil,1945,20.024208333333334
Brazil,1946,20.162791666666667
Brazil,1947,19.831916666666668
Brazil,1948,20.079333333333334
Brazil,1949,20.12373913043478
Brazil,1950,19.91325
Brazil,1951,20.12117391304348
Brazil,1952,20.113708333333335
Brazil,1953,20.24325
Brazil,1954,20.215041666666668
Brazil,1955,19.852875
Brazil,1956,19.478333333333335
Brazil,1957,20.012583333333335
Brazil,1958,20.406541666666666
Brazil,1959,20.497375
Brazil,1960,19.995166666666666
Brazil,1961,20.656625000000002
Brazil,1962,19.792625
Brazil,1963,20.87626086956522
Brazil,1964,19.661833333333334
Brazil,1965,20.200083333333335
Brazil,1966,20.026875
Brazil,1967,20.343041666666668
Brazil,1968,19.835958333333334
Brazil,1969,20.385166666666667
Brazil,1970,20.406958333333332
Brazil,1971,19.892652173913042
Brazil,1972,20.38325
Brazil,1973,20.562124999999998
Brazil,1974,20.081333333333333
Brazil,1975,20.07945833333333
Brazil,1976,19.71278260869565
Brazil,1977,20.818375
Brazil,1978,20.143958333333334
Brazil,1979,19.793608695652175
Brazil,1980,20.427291666666665
Brazil,1981,20.27675
Brazil,1982,20.601625000000002
Brazil,1983,20.28216666666667
Brazil,1984,20.483
Brazil,1985,20.521916666666666
Brazil,1986,20.632521739130436
Brazil,1987,20.57766666666667
Brazil,1988,20.10825
Brazil,1989,20.47159090909091
Brazil,1990,20.69578260869565
Brazil,1991,20.53729166666667
Brazil,1992,20.28025
Brazil,1993,20.433913043478263
Brazil,1994,20.852625
Brazil,1995,20.676791666666666
Brazil,1996,20.541625
Brazil,1997,20.655782608695652
Brazil,1998,20.73891304347826
Brazil,1999,20.446208333333335
Brazil,2000,20.776
Brazil,2001,21.147833333333335
Brazil,2002,21.330458333333333
Brazil,2003,20.910416666666666
Brazil,2004,20.57930434782609
Brazil,2005,21.00004347826087
Brazil,2006,20.850291666666667
Brazil,2007,21.022625
Brazil,2008,20.698375000000002
Brazil,2009,20.749
Brazil,2010,20.797409090909092
Brazil,2011,20.603125000000002
Brazil,2012,21.28375
Brazil,2013,20.2195
France,1743,10.7525
France,1744,13.815625
France,1745,7.3475
France,1750,13.435454545454546
France,1751,13.473625
France,1752,9.792083333333332
France,1753,12.963130434782608
France,1754,12.658666666666667
France,1755,12.374541666666667
France,1756,12.720375000000002
France,1757,12.492458333333333
France,1758,12.000125000000002
France,1759,13.106291666666666
France,1760,12.932416666666667
France,1761,13.010916666666667
France,1762,12.681166666666668
France,1763,12.398166666666667
France,1764,12.873166666666668
France,1765,12.758083333333333
France,1766,12.382130434782608
France,1767,12.47525
France,1768,12.374083333333333
France,1769,12.44508695652174
France,1770,12.584173913043477
France,1771,12.709249999999999
France,1772,13.786208333333335
France,1773,12.689416666666666
France,1774,12.819208333333334
France,1775,13.299625
France,1776,12.731541666666667
France,1777,12.556958333333334
France,1778,13.359260869565217
France,1779,13.612208333333333
France,1780,12.95182608695652
France,1781,13.722652173913042
France,1782,11.628391304347828
France,1783,13.293916666666668
France,1784,11.798478260869565
France,1785,12.186291666666667
France,1786,12.389916666666666
France,1787,13.011625
France,1788,13.152583333333332
France,1789,12.264375000000001
France,1790,13.496695652173912
France,1791,13.168708333333335
France,1792,12.96275
France,1793,12.987250000000001
France,1794,13.386249999999999
France,1795,12.944260869565218
France,1796,13.095565217391304
France,1797,12.995583333333334
France,1798,12.955958333333333
France,1799,11.739125000000001
France,1800,13.110916666666668
France,1801,13.179625
France,1802,13.469869565217392
France,1803,12.605916666666666
France,1804,12.913869565217391
France,1805,11.706958333333333
France,1806,13.353499999999999
France,1807,12.799583333333333
France,1808,12.157434782608695
France,1809,12.282125
France,1810,12.365521739130434
France,1811,13.406333333333334
France,1812,11.403652173913043
France,1813,12.231
France,1814,11.6135
France,1815,12.464999999999998
France,1816,11.025782608695652
France,1817,12.660913043478262
France,1818,12.997695652173913
France,1819,13.025083333333333
France,1820,12.347458333333334
France,1821,12.774478260869564
France,1822,13.852458333333333
France,1823,12.389708333333333
France,1824,12.873624999999999
France,1825,12.856608695652174
France,1826,12.931375000000001
France,1827,12.560458333333331
France,1828,13.442375
France,1829,11.538125
France,1830,12.339458333333333
France,1831,13.059416666666666
France,1832,12.544666666666666
France,1833,12.652916666666668
France,1834,13.708041666666666
France,1835,12.352916666666665
France,1836,12.168434782608697
France,1837,12.356478260869565
France,1838,11.986041666666667
France,1839,12.705875
France,1840,12.297000000000002
France,1841,12.779541666666667
France,1842,12.418416666666666
France,1843,12.6965
France,1844,12.380708333333333
France,1845,12.210916666666668
France,1846,13.667083333333332
France,1847,12.471166666666667
France,1848,12.733347826086957
France,1849,12.779041666666666
France,1850,11.71204347826087
France,1851,12.154782608695653
France,1852,13.171958333333334
France,1853,11.894
France,1854,12.489708333333333
France,1855,11.689625
France,1856,12.748791666666667
France,1857,12.893541666666666
France,1858,12.353041666666668
France,1859,13.228541666666667
France,1860,11.675083333333333
France,1861,12.768916666666668
France,1862,13.23225
France,1863,13.18441666666667
France,1864,12.195304347826088
France,1865,13.103000000000002
France,1866,13.149500000000002
France,1867,12.769416666666666
France,1868,13.394375000000002
France,1869,12.688375
France,1870,12.265791666666667
France,1871,11.957708333333334
France,1872,13.369173913043477
France,1873,12.87675
France,1874,12.760739130434784
France,1875,12.542791666666666
France,1876,12.915166666666666
France,1877,12.907916666666667
France,1878,12.685208333333334
France,1879,11.638583333333331
France,1880,12.920708333333332
France,1881,12.536541666666666
France,1882,12.912173913043478
France,1883,12.274000000000001
France,1884,12.809458333333334
France,1885,12.356166666666667
France,1886,12.5525
France,1887,12.18991304347826
France,1888,11.773083333333332
France,1889,11.949875
France,1890,11.71586956521739
France,1891,12.032333333333334
France,1892,12.94304347826087
France,1893,13.127666666666668
France,1894,12.689124999999999
France,1895,12.442791666666666
France,1896,12.173833333333334
France,1897,12.783217391304348
France,1898,13.182541666666667
France,1899,13.267916666666666
France,1900,13.118333333333334
France,1901,12.282958333333333
France,1902,12.451208333333334
France,1903,12.628083333333334
France,1904,13.003
France,1905,12.406916666666667
France,1906,12.916695652173914
France,1907,12.569
France,1908,12.271826086956523
France,1909,12.089583333333332
France,1910,12.564791666666666
France,1911,13.422166666666667
France,1912,12.640739130434783
France,1913,13.073958333333332
France,1914,12.99291304347826
France,1915,12.523000000000001
France,1916,12.824208333333333
France,1917,11.950333333333333
France,1918,12.729
France,1919,12.165750000000001
France,1920,12.901217391304348
France,1921,13.460565217391306
France,1922,12.465708333333334
France,1923,12.672652173913043
France,1924,12.71725
France,1925,12.522541666666667
France,1926,13.275
France,1927,12.985
France,1928,13.382583333333335
France,1929,12.668291666666667
France,1930,13.315458333333334
France,1931,12.544333333333334
France,1932,13.040304347826089
France,1933,12.769374999999998
France,1934,13.39575
France,1935,12.965625000000001
France,1936,12.606695652173913
France,1937,13.436875
France,1938,13.222521739130434
France,1939,12.854875
France,1940,12.221083333333333
France,1941,12.222708333333335
France,1942,12.726791666666665
France,1943,13.792625
France,1944,12.918434782608697
France,1945,13.638541666666667
France,1946,13.032125
France,1947,13.569043478260868
France,1948,13.487291666666666
France,1949,13.466772727272724
France,1950,13.42075
France,1951,13.442826086956522
France,1952,13.136125
France,1953,13.210291666666668
France,1954,12.46117391304348
France,1955,13.137041666666667
France,1956,12.027083333333335
France,1957,13.247608695652174
France,1958,13.066541666666666
France,1959,13.716833333333334
France,1960,13.084458333333332
France,1961,13.783541666666666
France,1962,12.339625
France,1963,12.041333333333334
France,1964,13.113833333333334
France,1965,12.698000000000002
France,1966,13.214833333333333
France,1967,13.299166666666666
France,1968,12.592347826086957
France,1969,12.783333333333333
France,1970,12.998
France,1971,13.066916666666666
France,1972,12.670875
France,1973,13.034125000000001
France,1974,13.088375000000001
France,1975,13.058749999999998
France,1976,13.328625
France,1977,13.073833333333333
France,1978,12.517608695652175
France,1979,12.776541666666667
France,1980,12.291521739130435
France,1981,13.217565217391305
France,1982,13.84286956521739
France,1983,13.05117391304348
France,1984,12.772782608695652
France,1985,12.692708333333334
France,1986,13.016583333333335
France,1987,12.959458333333332
France,1988,13.829260869565216
France,1989,14.106333333333334
France,1990,14.193
France,1991,13.141375000000002
France,1992,13.643583333333332
France,1993,13.267166666666668
France,1994,14.363625
France,1995,13.907583333333333
France,1996,12.929499999999999
France,1997,14.461739130434783
France,1998,13.718916666666667
France,1999,14.115124999999999
France,2000,14.118875000000001
France,2001,13.978666666666667
France,2002,14.246391304347828
France,2003,14.420500000000002
France,2004,13.781166666666666
France,2005,13.686124999999999
France,2006,14.320333333333336
France,2007,14.155458333333334
France,2008,13.616545454545456
France,2009,14.093708333333332
France,2010,13.038874999999999
France,2011,14.589
France,2012,13.892791666666668
France,2013,13.5089375
Japan,1841,13.717916666666667
Japan,1842,14.181333333333333
Japan,1843,14.31841666666667
Japan,1844,13.971083333333334
Japan,1845,13.053666666666667
Japan,1846,13.420875
Japan,1847,13.342583333333332
Japan,1848,13.236083333333333
Japan,1849,13.223458333333333
Japan,1850,12.792458333333334
Japan,1851,12.768125
Japan,1852,12.759916666666667
Japan,1853,13.896045454545456
Japan,1854,13.904565217391305
Japan,1855,13.984608695652174
Japan,1856,13.427608695652173
Japan,1857,13.070291666666668
Japan,1858,13.291041666666667
Japan,1859,12.474545454545455
Japan,1860,12.76975
Japan,1861,12.866
Japan,1862,12.430608695652174
Japan,1863,13.449958333333333
Japan,1864,12.976833333333333
Japan,1865,13.820652173913043
Japan,1866,12.7055
Japan,1867,13.535708333333334
Japan,1868,13.771
Japan,1869,13.217500000000001
Japan,1870,14.788736842105262
Japan,1871,13.274041666666667
Japan,1872,13.111166666666668
Japan,1873,12.588739130434783
Japan,1874,14.220727272727272
Japan,1875,13.201833333333333
Japan,1876,13.4225
Japan,1877,13.715333333333334
Japan,1878,13.321916666666667
Japan,1879,13.825208333333334
Japan,1880,13.434666666666667
Japan,1881,13.197416666666667
Japan,1882,13.280416666666667
Japan,1883,13.062833333333332
Japan,1884,12.294583333333334
Japan,1885,12.704833333333333
Japan,1886,13.359583333333333
Japan,1887,13.279125
Japan,1888,13.2325
Japan,1889,12.405217391304348
Japan,1890,14.49675
Japan,1891,13.462874999999999
Japan,1892,12.521954545454546
Japan,1893,12.41908695652174
Japan,1894,14.09175
Japan,1895,13.311291666666667
Japan,1896,13.757217391304348
Japan,1897,13.479652173913042
Japan,1898,13.594
Japan,1899,13.383478260869564
Japan,1900,13.215916666666667
Japan,1901,13.251166666666668
Japan,1902,13.603565217391305
Japan,1903,13.398416666666668
Japan,1904,13.325916666666666
Japan,1905,13.273541666666667
Japan,1906,12.819041666666665
Japan,1907,13.030333333333333
Japan,1908,12.919333333333332
Japan,1909,13.098625
Japan,1910,13.039166666666667
Japan,1911,13.696708333333333
Japan,1912,13.345041666666667
Japan,1913,12.581608695652175
Japan,1914,14.16175
Japan,1915,13.813913043478262
Japan,1916,14.204333333333333
Japan,1917,12.939541666666669
Japan,1918,13.114125000000001
Japan,1919,13.615083333333333
Japan,1920,13.621130434782609
Japan,1921,12.389318181818181
Japan,1922,13.904375
Japan,1923,13.665416666666667
Japan,1924,13.321958333333335
Japan,1925,13.225208333333335
Japan,1926,12.921875
Japan,1927,13.285125
Japan,1928,13.582
Japan,1929,13.480833333333335
Japan,1930,13.436434782608696
Japan,1931,12.967391304347826
Japan,1932,13.549416666666668
Japan,1933,13.704791666666667
Japan,1934,13.062333333333333
Japan,1935,13.445166666666667
Japan,1936,13.043833333333334
Japan,1937,13.935625
Japan,1938,13.640583333333334
Japan,1939,13.787333333333335
Japan,1940,13.679708333333332
Japan,1941,13.706625
Japan,1942,13.807625
Japan,1943,13.475208333333335
Japan,1944,13.392833333333334
Japan,1945,12.843833333333334
Japan,1946,13.903374999999999
Japan,1947,12.162454545454546
Japan,1948,14.244375
Japan,1949,13.643708333333334
Japan,1950,14.175666666666666
Japan,1951,13.742333333333335
Japan,1952,13.742791666666667
Japan,1953,13.742875
Japan,1954,13.928875
Japan,1955,14.951304347826087
Japan,1956,13.635083333333334
Japan,1957,13.624
Japan,1958,14.2085
Japan,1959,14.687416666666666
Japan,1960,14.804478260869564
Japan,1961,14.715208333333335
Japan,1962,14.014000000000001
Japan,1963,13.88604347826087
Japan,1964,14.217958333333334
Japan,1965,13.268666666666668
Japan,1966,13.823208333333334
Japan,1967,13.959249999999999
Japan,1968,13.687291666666667
Japan,1969,13.679666666666668
Japan,1970,13.527416666666667
Japan,1971,13.695916666666667
Japan,1972,14.117416666666665
Japan,1973,14.004666666666667
Japan,1974,13.394583333333332
Japan,1975,13.919083333333333
Japan,1976,13.27625
Japan,1977,14.039166666666667
Japan,1978,14.223666666666666
Japan,1979,14.722666666666667
Japan,1980,13.374041666666669
Japan,1981,13.217916666666667
Japan,1982,13.889375000000001
Japan,1983,13.919375
Japan,1984,13.55695652173913
Japan,1985,14.433304347826088
Japan,1986,13.388541666666667
Japan,1987,14.391458333333334
Japan,1988,13.554
Japan,1989,14.366166666666667
Japan,1990,15.130833333333333
Japan,1991,14.34575
Japan,1992,14.076125
Japan,1993,13.585875000000001
Japan,1994,14.918333333333335
Japan,1995,13.90275
Japan,1996,13.699666666666667
Japan,1997,14.403666666666666
Japan,1998,15.424130434782608
Japan,1999,14.460000000000003
Japan,2000,14.542666666666667
Japan,2001,14.261458333333332
Japan,2002,14.565958333333334
Japan,2003,14.075958333333332
Japan,2004,15.119916666666667
Japan,2005,14.175458333333333
Japan,2006,14.357
Japan,2007,14.856583333333333
Japan,2008,14.430916666666667
Japan,2009,14.580416666666666
Japan,2010,15.465590909090908
Japan,2011,14.349166666666667
Japan,2012,14.127083333333333
Japan,2013,14.954
New Zealand,1853,12.493789473684211
New Zealand,1854,13.849416666666668
New Zealand,1855,13.946041666666666
New Zealand,1856,13.185
New Zealand,1857,13.139833333333334
New Zealand,1858,13.211500000000001
New Zealand,1859,14.022217391304347
New Zealand,1860,14.471499999999999
New Zealand,1861,14.96491304347826
New Zealand,1862,14.495739130434782
New Zealand,1863,13.467875
New Zealand,1864,15.004624999999999
New Zealand,1865,14.301916666666665
New Zealand,1866,15.218708333333334
New Zealand,1867,14.588833333333334
New Zealand,1868,13.746041666666668
New Zealand,1869,14.08375
New Zealand,1870,14.277041666666667
New Zealand,1871,13.87395652173913
New Zealand,1872,14.734166666666667
New Zealand,1873,14.314541666666665
New Zealand,1874,14.251416666666666
New Zealand,1875,14.158043478260868
New Zealand,1876,14.672125000000001
New Zealand,1877,14.041041666666667
New Zealand,1878,14.155500000000002
New Zealand,1879,14.157333333333334
New Zealand,1880,14.657958333333333
New Zealand,1881,14.421166666666666
New Zealand,1882,14.352869565217391
New Zealand,1883,14.097500000000002
New Zealand,1884,13.335041666666667
New Zealand,1885,13.7665
New Zealand,1886,14.01925
New Zealand,1887,14.25275
New Zealand,1888,13.460041666666667
New Zealand,1889,14.276458333333332
New Zealand,1890,14.332041666666667
New Zealand,1891,13.857545454545457
New Zealand,1892,14.628173913043478
New Zealand,1893,14.696916666666667
New Zealand,1894,14.326041666666667
New Zealand,1895,13.986125000000001
New Zealand,1896,14.469636363636363
New Zealand,1897,14.266666666666666
New Zealand,1898,14.051
New Zealand,1899,14.046208333333333
New Zealand,1900,14.363041666666668
New Zealand,1901,13.944875000000001
New Zealand,1902,13.467166666666666
New Zealand,1903,14.075208333333334
New Zealand,1904,13.654416666666668
New Zealand,1905,13.892708333333333
New Zealand,1906,13.54986956521739
New Zealand,1907,14.470416666666667
New Zealand,1908,14.093291666666666
New Zealand,1909,14.66075
New Zealand,1910,14.732217391304347
New Zealand,1911,14.334958333333333
New Zealand,1912,13.784041666666667
New Zealand,1913,14.180708333333333
New Zealand,1914,14.247521739130434
New Zealand,1915,14.521708333333335
New Zealand,1916,15.066608695652173
New Zealand,1917,14.5775
New Zealand,1918,14.102375
New Zealand,1919,13.828458333333332
New Zealand,1920,14.096083333333333
New Zealand,1921,14.391666666666667
New Zealand,1922,14.478521739130434
New Zealand,1923,14.121041666666665
New Zealand,1924,14.835041666666667
New Zealand,1925,14.004375000000001
New Zealand,1926,14.149625
New Zealand,1927,14.246708333333332
New Zealand,1928,15.202565217391305
New Zealand,1929,14.528583333333335
New Zealand,1930,13.886041666666666
New Zealand,1931,14.125208333333333
New Zealand,1932,14.277166666666666
New Zealand,1933,14.707500000000001
New Zealand,1934,14.563541666666667
New Zealand,1935,14.949458333333334
New Zealand,1936,14.355083333333333
New Zealand,1937,14.44208695652174
New Zealand,1938,15.544541666666667
New Zealand,1939,14.255708333333333
New Zealand,1940,14.133125
New Zealand,1941,14.329333333333333
New Zealand,1942,14.929
New Zealand,1943,14.509125
New Zealand,1944,14.497250000000001
New Zealand,1945,14.1845
New Zealand,1946,14.726750000000001
New Zealand,1947,14.484208333333333
New Zealand,1948,15.024041666666667
New Zealand,1949,14.657416666666668
New Zealand,1950,15.061625
New Zealand,1951,14.284291666666668
New Zealand,1952,14.561291666666667
New Zealand,1953,14.742166666666668
New Zealand,1954,14.944458333333335
New Zealand,1955,15.303869565217394
New Zealand,1956,15.465739130434782
New Zealand,1957,14.831541666666666
New Zealand,1958,15.083458333333333
New Zealand,1959,14.675458333333333
New Zealand,1960,14.706130434782608
New Zealand,1961,14.745625000000002
New Zealand,1962,15.305260869565219
New Zealand,1963,14.60191304347826
New Zealand,1964,14.542708333333332
New Zealand,1965,14.165750000000001
New Zealand,1966,14.492833333333332
New Zealand,1967,14.732291666666667
New Zealand,1968,14.610750000000001
New Zealand,1969,14.395416666666668
New Zealand,1970,15.374791666666667
New Zealand,1971,15.338916666666668
New Zealand,1972,14.751416666666666
New Zealand,1973,15.296416666666667
New Zealand,1974,15.461291666666668
New Zealand,1975,15.201374999999999
New Zealand,1976,14.276347826086957
New Zealand,1977,14.233041666666665
New Zealand,1978,15.015875
New Zealand,1979,15.118958333333333
New Zealand,1980,14.624250000000002
New Zealand,1981,15.272916666666667
New Zealand,1982,14.436666666666667
New Zealand,1983,14.553791666666667
New Zealand,1984,15.008375000000001
New Zealand,1985,14.982625
New Zealand,1986,14.963291666666668
New Zealand,1987,15.026458333333332
New Zealand,1988,15.450833333333334
New Zealand,1989,15.279173913043477
New Zealand,1990,15.571416666666666
New Zealand,1991,14.817875
New Zealand,1992,14.258333333333335
New Zealand,1993,14.279458333333332
New Zealand,1994,14.720083333333333
New Zealand,1995,15.292458333333334
New Zealand,1996,15.067541666666665
New Zealand,1997,14.689875
New Zealand,1998,16.081166666666668
New Zealand,1999,15.649833333333333
New Zealand,2000,15.329708333333334
New Zealand,2001,15.402916666666668
New Zealand,2002,15.071666666666667
New Zealand,2003,15.122291666666667
New Zealand,2004,14.577
New Zealand,2005,15.548875
New Zealand,2006,14.909875
New Zealand,2007,15.335291666666668
New Zealand,2008,15.552000000000001
New Zealand,2009,14.897541666666667
New Zealand,2010,15.551666666666668
New Zealand,2011,15.523249999999999
New Zealand,2012,14.69295652173913
New Zealand,2013,15.807400000000001
Poland,1743,3.9619999999999997
Poland,1744,8.571266666666666
Poland,1745,-0.8336250000000001
Poland,1750,8.209363636363635
Poland,1751,8.1700625
Poland,1752,2.8660833333333335
Poland,1753,7.173666666666667
Poland,1754,6.648217391304348
Poland,1755,6.845375
Poland,1756,8.40295652173913
Poland,1757,8.202
Poland,1758,6.36775
Poland,1759,7.366
Poland,1760,7.09875
Poland,1761,7.8084999999999996
Poland,1762,7.16225
Poland,1763,5.956363636363636
Poland,1764,7.5397083333333335
Poland,1765,6.814999999999999
Poland,1766,7.339250000000001
Poland,1767,6.678083333333333
Poland,1768,6.21825
Poland,1769,6.9715
Poland,1770,7.044250000000001
Poland,1771,6.688391304347826
Poland,1772,7.804666666666666
Poland,1773,8.025125000000001
Poland,1774,7.259916666666666
Poland,1775,8.5355
Poland,1776,6.923791666666666
Poland,1777,6.850750000000001
Poland,1778,8.068208333333333
Poland,1779,8.639083333333334
Poland,1780,6.984458333333333
Poland,1781,8.446217391304348
Poland,1782,6.868125
Poland,1783,8.036333333333333
Poland,1784,6.1910869565217395
Poland,1785,5.739041666666666
Poland,1786,5.978
Poland,1787,7.4910000000000005
Poland,1788,6.7762916666666655
Poland,1789,7.910913043478262
Poland,1790,7.605333333333333
Poland,1791,8.266541666666667
Poland,1792,7.279333333333334
Poland,1793,7.576375000000001
Poland,1794,8.316625
Poland,1795,7.509347826086957
Poland,1796,7.634130434782609
Poland,1797,9.29782608695652
Poland,1798,7.77175
Poland,1799,4.633826086956522
Poland,1800,7.276391304347826
Poland,1801,8.008739130434781
Poland,1802,8.012333333333332
Poland,1803,6.373458333333335
Poland,1804,6.6957916666666675
Poland,1805,5.665041666666667
Poland,1806,8.290375
Poland,1807,8.136583333333332
Poland,1808,7.067869565217392
Poland,1809,7.04025
Poland,1810,6.7805
Poland,1811,8.375125
Poland,1812,5.925291666666666
Poland,1813,6.986458333333334
Poland,1814,6.085250000000001
Poland,1815,6.473041666666667
Poland,1816,6.543666666666667
Poland,1817,7.3172500000000005
Poland,1818,7.438041666666667
Poland,1819,7.256652173913045
Poland,1820,6.535833333333334
Poland,1821,7.267333333333333
Poland,1822,8.442541666666667
Poland,1823,7.043333333333333
Poland,1824,8.01675
Poland,1825,7.677833333333333
Poland,1826,7.728956521739131
Poland,1827,7.982652173913044
Poland,1828,7.146375
Poland,1829,4.954541666666667
Poland,1830,6.614695652173913
Poland,1831,7.246875
Poland,1832,6.296083333333333
Poland,1833,7.456041666666667
Poland,1834,8.603583333333333
Poland,1835,7.240826086956522
Poland,1836,7.441875
Poland,1837,6.366250000000001
Poland,1838,5.420958333333334
Poland,1839,7.032958333333333
Poland,1840,5.808208333333333
Poland,1841,7.9085909090909094
Poland,1842,6.605916666666666
Poland,1843,7.656583333333333
Poland,1844,6.208583333333333
Poland,1845,6.672833333333333
Poland,1846,8.231416666666666
Poland,1847,6.588416666666667
Poland,1848,7.810521739130435
Poland,1849,6.385999999999999
Poland,1850,6.8410416666666665
Poland,1851,7.239375
Poland,1852,7.525173913043479
Poland,1853,6.738086956521739
Poland,1854,7.035458333333334
Poland,1855,5.751291666666666
Poland,1856,6.889208333333333
Poland,1857,7.396708333333333
Poland,1858,5.627521739130436
Poland,1859,8.095875
Poland,1860,6.782333333333334
Poland,1861,7.3168750000000005
Poland,1862,6.4896521739130435
Poland,1863,8.189434782608696
Poland,1864,5.19604347826087
Poland,1865,7.041499999999999
Poland,1866,8.294782608695652
Poland,1867,6.679375
Poland,1868,8.511208333333334
Poland,1869,7.734782608695652
Poland,1870,5.6366249999999996
Poland,1871,5.2705416666666665
Poland,1872,8.568458333333334
Poland,1873,7.8745
Poland,1874,7.658652173913043
Poland,1875,5.349869565217391
Poland,1876,6.801125
Poland,1877,7.073333333333334
Poland,1878,7.712347826086956
Poland,1879,6.140375
Poland,1880,7.872782608695653
Poland,1881,6.146833333333333
Poland,1882,7.958375
Poland,1883,7.239391304347827
Poland,1884,7.4928333333333335
Poland,1885,7.168333333333333
Poland,1886,7.668695652173913
Poland,1887,6.034478260869565
Poland,1888,6.398130434782608
Poland,1889,6.722208333333334
Poland,1890,7.117999999999999
Poland,1891,6.932708333333333
Poland,1892,6.9022499999999996
Poland,1893,6.393608695652174
Poland,1894,7.1789130434782615
Poland,1895,6.821541666666666
Poland,1896,7.120958333333333
Poland,1897,7.292208333333334
Poland,1898,7.965916666666666
Poland,1899,7.308666666666667
Poland,1900,7.642083333333335
Poland,1901,7.205750000000001
Poland,1902,5.999875
Poland,1903,7.789208333333334
Poland,1904,7.195708333333333
Poland,1905,7.342083333333334
Poland,1906,7.653208333333333
Poland,1907,6.761083333333333
Poland,1908,6.679374999999999
Poland,1909,6.701541666666667
Poland,1910,7.9682916666666666
Poland,1911,7.699521739130435
Poland,1912,6.659541666666667
Poland,1913,7.669625
Poland,1914,7.713291666666667
Poland,1915,7.093333333333334
Poland,1916,7.908583333333333
Poland,1917,7.299
Poland,1918,7.913625
Poland,1919,6.529916666666668
Poland,1920,7.903875
Poland,1921,8.067833333333333
Poland,1922,6.326625
Poland,1923,7.271041666666666
Poland,1924,6.559166666666666
Poland,1925,7.8025416666666665
Poland,1926,7.949458333333333
Poland,1927,7.214041666666667
Poland,1928,7.358333333333333
Poland,1929,5.893318181818182
Poland,1930,8.05725
Poland,1931,6.844
Poland,1932,7.699916666666667
Poland,1933,6.085181818181818
Poland,1934,9.0345
Poland,1935,7.11704347826087
Poland,1936,8.017000000000001
Poland,1937,8.105500000000001
Poland,1938,8.128916666666667
Poland,1939,8.180083333333334
Poland,1940,5.448958333333334
Poland,1941,5.872208333333333
Poland,1942,6.292750000000001
Poland,1943,8.019166666666667
Poland,1944,7.739583333333333
Poland,1945,7.795041666666667
Poland,1946,7.616333333333333
Poland,1947,7.1522499999999996
Poland,1948,8.196625000000001
Poland,1949,8.407833333333334
Poland,1950,8.013791666666668
Poland,1951,8.297333333333333
Poland,1952,6.987166666666667
Poland,1953,8.001666666666667
Poland,1954,6.851416666666666
Poland,1955,7.404739130434782
Poland,1956,5.980666666666667
Poland,1957,8.119708333333334
Poland,1958,7.4290416666666665
Poland,1959,8.119333333333334
Poland,1960,7.779666666666667
Poland,1961,8.370541666666666
Poland,1962,6.867541666666667
Poland,1963,6.591708333333333
Poland,1964,7.673608695652174
Poland,1965,6.351875
Poland,1966,8.145916666666666
Poland,1967,8.539458333333334
Poland,1968,8.144565217391305
Poland,1969,6.643833333333333
Poland,1970,6.795875
Poland,1971,7.72625
Poland,1972,7.772
Poland,1973,7.716083333333334
Poland,1974,8.417625
Poland,1975,8.701541666666667
Poland,1976,7.245458333333333
Poland,1977,8.098125
Poland,1978,7.02925
Poland,1979,7.175541666666667
Poland,1980,6.564333333333334
Poland,1981,7.741083333333333
Poland,1982,8.294375
Poland,1983,8.741625
Poland,1984,7.716291666666666
Poland,1985,6.694500000000001
Poland,1986,7.3241249999999996
Poland,1987,6.544999999999999
Poland,1988,7.93491304347826
Poland,1989,9.162166666666666
Poland,1990,8.710782608695652
Poland,1991,8.09591304347826
Poland,1992,8.74975
Poland,1993,7.380260869565218
Poland,1994,8.878625
Poland,1995,8.39595652173913
Poland,1996,6.605666666666667
Poland,1997,7.377521739130435
Poland,1998,8.293166666666666
Poland,1999,8.852791666666667
Poland,2000,9.529541666666665
Poland,2001,8.57304347826087
Poland,2002,8.876826086956521
Poland,2003,8.336166666666667
Poland,2004,8.2935
Poland,2005,8.281166666666667
Poland,2006,8.666083333333335
Poland,2007,9.296375
Poland,2008,9.363000000000001
Poland,2009,8.532041666666666
Poland,2010,7.511375
Poland,2011,8.884
Poland,2012,8.482041666666666
Poland,2013,9.062125
South Africa,1857,14.751291666666667
South Africa,1858,15.021125
South Africa,1859,15.038874999999999
South Africa,1860,15.39375
South Africa,1861,15.168708333333333
South Africa,1862,14.734125
South Africa,1863,15.024708333333335
South Africa,1864,15.142416666666668
South Africa,1865,15.618869565217391
South Africa,1866,15.186391304347826
South Africa,1867,15.418166666666666
South Africa,1868,15.024625
South Africa,1869,15.443416666666666
South Africa,1870,14.947695652173914
South Africa,1871,15.272875
South Africa,1872,15.2305
South Africa,1873,15.019875
South Africa,1874,15.132541666666667
South Africa,1875,14.984875
South Africa,1876,14.919333333333334
South Africa,1877,15.265260869565218
South Africa,1878,15.26191304347826
South Africa,1879,14.729125000000002
South Africa,1880,15.296727272727274
South Africa,1881,15.106
South Africa,1882,15.253913043478262
South Africa,1883,15.20825
South Africa,1884,14.949208333333333
South Africa,1885,15.374791666666667
South Africa,1886,15.403208333333334
South Africa,1887,15.097666666666667
South Africa,1888,15.150434782608695
South Africa,1889,15.427624999999999
South Africa,1890,15.011583333333334
South Africa,1891,15.195666666666666
South Africa,1892,14.599818181818183
South Africa,1893,15.071347826086958
South Africa,1894,14.81009090909091
South Africa,1895,15.070500000000001
South Africa,1896,15.626875
South Africa,1897,15.277291666666668
South Africa,1898,14.643782608695654
South Africa,1899,15.160208333333332
South Africa,1900,15.616624999999999
South Africa,1901,15.244583333333333
South Africa,1902,15.269782608695651
South Africa,1903,14.822250000000002
South Africa,1904,14.875708333333334
South Africa,1905,15.055
South Africa,1906,14.818375000000001
South Africa,1907,14.841478260869565
South Africa,1908,15.015625
South Africa,1909,15.307291666666666
South Africa,1910,15.058708333333334
South Africa,1911,15.230666666666666
South Africa,1912,15.430166666666667
South Africa,1913,15.622041666666668
South Africa,1914,15.564608695652174
South Africa,1915,15.381625
South Africa,1916,15.377625
South Africa,1917,14.914333333333333
South Africa,1918,15.298583333333333
South Africa,1919,15.669458333333333
South Africa,1920,15.685125
South Africa,1921,15.160541666666667
South Africa,1922,15.575625
South Africa,1923,15.724833333333335
South Africa,1924,15.047583333333334
South Africa,1925,15.444291666666667
South Africa,1926,15.604083333333334
South Africa,1927,16.06
South Africa,1928,15.499608695652173
South Africa,1929,15.641458333333334
South Africa,1930,15.808863636363638
South Africa,1931,15.741833333333334
South Africa,1932,15.914708333333332
South Africa,1933,15.722708333333335
South Africa,1934,16.089782608695653
South Africa,1935,15.224708333333334
South Africa,1936,15.242086956521739
South Africa,1937,15.759458333333335
South Africa,1938,15.642916666666666
South Africa,1939,15.466666666666667
South Africa,1940,15.789500000000002
South Africa,1941,16.020083333333336
South Africa,1942,15.843250000000003
South Africa,1943,15.170041666666668
South Africa,1944,15.761708333333333
South Africa,1945,16.102521739130434
South Africa,1946,15.527565217391304
South Africa,1947,15.778374999999999
South Africa,1948,15.605833333333335
South Africa,1949,15.959791666666668
South Africa,1950,15.559782608695652
South Africa,1951,15.357083333333334
South Africa,1952,15.712208333333335
South Africa,1953,15.565333333333333
South Africa,1954,15.382083333333334
South Africa,1955,14.916347826086957
South Africa,1956,15.559956521739132
South Africa,1957,15.553916666666666
South Africa,1958,16.08795652173913
South Africa,1959,15.613541666666668
South Africa,1960,15.824625
South Africa,1961,15.837375
South Africa,1962,15.854375000000003
South Africa,1963,16.055833333333336
South Africa,1964,15.606041666666668
South Africa,1965,15.644166666666665
South Africa,1966,15.973166666666666
South Africa,1967,15.510041666666668
South Africa,1968,15.414541666666665
South Africa,1969,15.853958333333333
South Africa,1970,15.732166666666666
South Africa,1971,15.468541666666667
South Africa,1972,16.140545454545453
South Africa,1973,15.997695652173913
South Africa,1974,15.680250000000001
South Africa,1975,15.621125
South Africa,1976,15.140434782608697
South Africa,1977,15.753347826086957
South Africa,1978,15.878041666666666
South Africa,1979,16.112083333333334
South Africa,1980,15.79575
South Africa,1981,15.424739130434784
South Africa,1982,15.961583333333335
South Africa,1983,16.196541666666665
South Africa,1984,16.409695652173912
South Africa,1985,16.31929166666667
South Africa,1986,16.22908695652174
South Africa,1987,16.186375
South Africa,1988,16.08275
South Africa,1989,15.8055
South Africa,1990,15.975916666666668
South Africa,1991,16.017
South Africa,1992,16.56604347826087
South Africa,1993,16.410125
South Africa,1994,15.937541666666668
South Africa,1995,16.347478260869565
South Africa,1996,15.656041666666667
South Africa,1997,16.018708333333333
South Africa,1998,16.494958333333333
South Africa,1999,16.816875
South Africa,2000,16.40573913043478
South Africa,2001,16.298833333333334
South Africa,2002,16.26245833333333
South Africa,2003,16.481041666666666
South Africa,2004,16.23425
South Africa,2005,16.582375
South Africa,2006,16.094583333333336
South Africa,2007,16.306875
South Africa,2008,16.27678260869565
South Africa,2009,16.196708333333333
South Africa,2010,16.391041666666666
South Africa,2011,16.053375
South Africa,2012,16.248291666666667
South Africa,2013,15.514866666666668
Sweden,1743,3.7204999999999995
Sweden,1744,6.7988125
Sweden,1745,-3.610625
Sweden,1750,6.435772727272728
Sweden,1751,5.5945625
Sweden,1752,1.3875000000000004
Sweden,1753,5.117958333333333
Sweden,1754,4.802130434782609
Sweden,1755,4.738291666666667
Sweden,1756,5.182916666666666
Sweden,1757,5.939809523809523
Sweden,1758,3.782130434782609
Sweden,1759,5.543416666666666
Sweden,1760,4.562666666666667
Sweden,1761,5.855875
Sweden,1762,5.603521739130435
Sweden,1763,4.6390416666666665
Sweden,1764,5.527208333333333
Sweden,1765,5.256652173913044
Sweden,1766,5.89525
Sweden,1767,4.635208333333334
Sweden,1768,4.594833333333333
Sweden,1769,4.536173913043479
Sweden,1770,4.985916666666667
Sweden,1771,4.572521739130435
Sweden,1772,4.7720416666666665
Sweden,1773,6.374083333333334
Sweden,1774,4.509541666666666
Sweden,1775,6.764291666666666
Sweden,1776,5.569083333333334
Sweden,1777,4.789458333333333
Sweden,1778,5.195125
Sweden,1779,6.990333333333333
Sweden,1780,5.420260869565217
Sweden,1781,5.877791666666666
Sweden,1782,4.316166666666667
Sweden,1783,5.842291666666667
Sweden,1784,4.322608695652174
Sweden,1785,3.926625
Sweden,1786,3.9332499999999997
Sweden,1787,5.161333333333333
Sweden,1788,4.283375
Sweden,1789,5.861166666666667
Sweden,1790,5.615708333333333
Sweden,1791,6.253666666666667
Sweden,1792,5.3705
Sweden,1793,5.670583333333333
Sweden,1794,7.386000000000001
Sweden,1795,4.437208333333333
Sweden,1796,5.7519583333333335
Sweden,1797,6.560041666666667
Sweden,1798,6.347083333333333
Sweden,1799,3.7996666666666665
Sweden,1800,4.6894583333333335
Sweden,1801,5.638375
Sweden,1802,5.157166666666667
Sweden,1803,4.413125
Sweden,1804,4.583958333333333
Sweden,1805,3.908125
Sweden,1806,5.270086956521739
Sweden,1807,5.024791666666666
Sweden,1808,4.81775
Sweden,1809,4.210500000000001
Sweden,1810,4.37575
Sweden,1811,5.9647499999999996
Sweden,1812,3.680875
Sweden,1813,5.3955416666666665
Sweden,1814,3.9086521739130435
Sweden,1815,4.940043478260869
Sweden,1816,4.300958333333334
Sweden,1817,5.082041666666666
Sweden,1818,5.410217391304348
Sweden,1819,6.024458333333334
Sweden,1820,4.556749999999999
Sweden,1821,4.955739130434782
Sweden,1822,7.075291666666666
Sweden,1823,5.318708333333333
Sweden,1824,6.2272083333333335
Sweden,1825,5.868083333333334
Sweden,1826,6.604791666666667
Sweden,1827,5.4976521739130435
Sweden,1828,5.104875
Sweden,1829,3.240083333333333
Sweden,1830,4.734749999999999
Sweden,1831,5.220208333333333
Sweden,1832,5.208458333333334
Sweden,1833,5.875347826086956
Sweden,1834,6.332869565217392
Sweden,1835,5.167666666666666
Sweden,1836,4.749333333333333
Sweden,1837,4.601565217391304
Sweden,1838,3.4498333333333338
Sweden,1839,4.693208333333334
Sweden,1840,4.80495652173913
Sweden,1841,5.092666666666667
Sweden,1842,5.768666666666667
Sweden,1843,5.758869565217392
Sweden,1844,3.599434782608696
Sweden,1845,4.424913043478261
Sweden,1846,6.023
Sweden,1847,4.986086956521739
Sweden,1848,4.910869565217391
Sweden,1849,4.495166666666667
Sweden,1850,4.727291666666667
Sweden,1851,5.115
Sweden,1852,5.272208333333333
Sweden,1853,4.800583333333333
Sweden,1854,5.618791666666667
Sweden,1855,4.053041666666666
Sweden,1856,3.9156666666666666
Sweden,1857,5.736541666666667
Sweden,1858,5.925083333333333
Sweden,1859,6.377956521739129
Sweden,1860,4.41195652173913
Sweden,1861,5.275125
Sweden,1862,4.228583333333333
Sweden,1863,6.451291666666666
Sweden,1864,4.2860000000000005
Sweden,1865,5.447347826086957
Sweden,1866,5.08675
Sweden,1867,3.0207083333333333
Sweden,1868,5.947333333333334
Sweden,1869,5.132583333333334
Sweden,1870,4.493625
Sweden,1871,3.376375000000001
Sweden,1872,6.275541666666666
Sweden,1873,6.1610000000000005
Sweden,1874,5.499583333333334
Sweden,1875,3.724833333333333
Sweden,1876,3.692782608695652
Sweden,1877,3.9994583333333336
Sweden,1878,5.771833333333333
Sweden,1879,4.298375
Sweden,1880,5.198333333333333
Sweden,1881,3.4615833333333335
Sweden,1882,6.029
Sweden,1883,5.367041666666666
Sweden,1884,5.407416666666667
Sweden,1885,4.705375
Sweden,1886,4.97404347826087
Sweden,1887,5.473416666666666
Sweden,1888,3.9641739130434783
Sweden,1889,5.304916666666666
Sweden,1890,5.7495416666666666
Sweden,1891,5.5027083333333335
Sweden,1892,4.433208333333333
Sweden,1893,4.327
Sweden,1894,6.006913043478261
Sweden,1895,4.817291666666667
Sweden,1896,5.671434782608697
Sweden,1897,5.065695652173913
Sweden,1898,5.57525
Sweden,1899,4.902083333333333
Sweden,1900,4.777416666666666
Sweden,1901,5.7155
Sweden,1902,3.7572608695652177
Sweden,1903,5.609166666666667
Sweden,1904,4.835208333333333
Sweden,1905,5.506958333333333
Sweden,1906,5.959416666666666
Sweden,1907,4.5089565217391305
Sweden,1908,5.2331666666666665
Sweden,1909,4.595083333333333
Sweden,1910,6.260478260869566
Sweden,1911,5.7219565217391315
Sweden,1912,4.964956521739131
Sweden,1913,6.275043478260869
Sweden,1914,6.759136363636364
Sweden,1915,3.8425833333333332
Sweden,1916,5.135166666666667
Sweden,1917,4.640416666666666
Sweden,1918,5.3955416666666665
Sweden,1919,4.689708333333333
Sweden,1920,6.1801666666666675
Sweden,1921,5.811652173913044
Sweden,1922,4.5231666666666674
Sweden,1923,4.628583333333332
Sweden,1924,4.725086956521739
Sweden,1925,5.7478750000000005
Sweden,1926,5.136
Sweden,1927,5.169083333333334
Sweden,1928,4.860708333333333
Sweden,1929,5.035833333333334
Sweden,1930,6.892125
Sweden,1931,4.612875
Sweden,1932,6.079125
Sweden,1933,5.758249999999999
Sweden,1934,7.439
Sweden,1935,6.074833333333333
Sweden,1936,6.215083333333332
Sweden,1937,6.355541666666666
Sweden,1938,7.152000000000001
Sweden,1939,5.769782608695651
Sweden,1940,3.9200416666666675
Sweden,1941,3.7792499999999998
Sweden,1942,3.460791666666667
Sweden,1943,6.7665
Sweden,1944,6.440869565217392
Sweden,1945,5.569913043478261
Sweden,1946,5.699333333333333
Sweden,1947,5.644739130434783
Sweden,1948,5.553347826086957
Sweden,1949,7.049166666666667
Sweden,1950,5.926666666666666
Sweden,1951,5.487652173913043
Sweden,1952,4.81925
Sweden,1953,6.727708333333333
Sweden,1954,5.417000000000001
Sweden,1955,5.1178333333333335
Sweden,1956,4.207083333333333
Sweden,1957,5.652874999999999
Sweden,1958,4.493
Sweden,1959,6.663541666666666
Sweden,1960,5.568833333333333
Sweden,1961,6.486521739130435
Sweden,1962,4.753304347826087
Sweden,1963,4.808375
Sweden,1964,5.6081666666666665
Sweden,1965,4.757708333333333
Sweden,1966,4.433416666666666
Sweden,1967,5.951541666666667
Sweden,1968,5.281874999999999
Sweden,1969,4.9597500000000005
Sweden,1970,4.346958333333333
Sweden,1971,5.429434782608696
Sweden,1972,6.299375
Sweden,1973,6.194375
Sweden,1974,6.617249999999999
Sweden,1975,7.262375000000001
Sweden,1976,5.040041666666666
Sweden,1977,5.303416666666667
Sweden,1978,4.805041666666667
Sweden,1979,4.663826086956521
Sweden,1980,4.87075
Sweden,1981,5.027666666666667
Sweden,1982,5.995565217391304
Sweden,1983,6.391166666666667
Sweden,1984,6.218374999999999
Sweden,1985,3.6337499999999996
Sweden,1986,5.095875
Sweden,1987,3.9415416666666663
Sweden,1988,5.979791666666667
Sweden,1989,7.391750000000001
Sweden,1990,7.404333333333334
Sweden,1991,6.454416666666667
Sweden,1992,6.870291666666667
Sweden,1993,5.693478260869565
Sweden,1994,6.100750000000001
Sweden,1995,6.039916666666667
Sweden,1996,5.149826086956522
Sweden,1997,6.890130434782608
Sweden,1998,5.913458333333334
Sweden,1999,6.848166666666667
Sweden,2000,7.3834583333333335
Sweden,2001,5.845565217391304
Sweden,2002,6.781416666666668
Sweden,2003,6.470541666666667
Sweden,2004,6.496958333333333
Sweden,2005,6.775708333333333
Sweden,2006,6.9126086956521755
Sweden,2007,7.047208333333334
Sweden,2008,7.4005833333333335
Sweden,2009,6.435458333333333
Sweden,2010,4.745583333333333
Sweden,2011,7.241416666666667
Sweden,2012,6.093541666666667
Sweden,2013,6.4003125
Ukraine,1743,3.4279999999999995
Ukraine,1744,10.413387096774194
Ukraine,1745,-0.6881249999999997
Ukraine,1750,8.955
Ukraine,1751,9.308
Ukraine,1752,3.0945
Ukraine,1753,8.255333333333335
Ukraine,1754,8.536638297872342
Ukraine,1755,8.180604166666667
Ukraine,1756,9.149127659574468
Ukraine,1757,8.510127659574469
Ukraine,1758,6.961270833333334
Ukraine,1759,8.053625
Ukraine,1760,7.435333333333333
Ukraine,1761,8.659125
Ukraine,1762,8.450416666666667
Ukraine,1763,7.730489361702128
Ukraine,1764,8.703833333333334
Ukraine,1765,8.828191489361702
Ukraine,1766,8.477479166666667
Ukraine,1767,8.121395833333333
Ukraine,1768,7.273382978723404
Ukraine,1769,8.138333333333334
Ukraine,1770,8.033212765957446
Ukraine,1771,7.624958333333333
Ukraine,1772,8.994319148936171
Ukraine,1773,8.952729166666668
Ukraine,1774,8.537191489361701
Ukraine,1775,9.4865625
Ukraine,1776,8.161520833333332
Ukraine,1777,8.014145833333332
Ukraine,1778,9.207152173913043
Ukraine,1779,9.249913043478262
Ukraine,1780,8.380374999999999
Ukraine,1781,8.586234042553192
Ukraine,1782,7.854479166666667
Ukraine,1783,8.511125000000002
Ukraine,1784,8.118826086956522
Ukraine,1785,7.0239375
Ukraine,1786,7.644854166666668
Ukraine,1787,8.415170212765958
Ukraine,1788,7.979354166666667
Ukraine,1789,9.241978723404257
Ukraine,1790,8.474604166666667
Ukraine,1791,9.470446808510639
Ukraine,1792,8.263270833333333
Ukraine,1793,8.440854166666666
Ukraine,1794,9.131583333333333
Ukraine,1795,8.443104166666666
Ukraine,1796,8.435583333333334
Ukraine,1797,9.754914893617022
Ukraine,1798,8.804957446808512
Ukraine,1799,7.353458333333333
Ukraine,1800,8.357375
Ukraine,1801,9.106130434782608
Ukraine,1802,9.3623125
Ukraine,1803,7.601063829787234
Ukraine,1804,8.211791666666668
Ukraine,1805,7.688914893617022
Ukraine,1806,8.76831914893617
Ukraine,1807,9.088297872340426
Ukraine,1808,7.6315625
Ukraine,1809,7.043106382978723
Ukraine,1810,7.518604166666666
Ukraine,1811,8.3213125
Ukraine,1812,6.9853125
Ukraine,1813,7.357148936170213
Ukraine,1814,7.524229166666667
Ukraine,1815,7.137021276595744
Ukraine,1816,7.74368085106383
Ukraine,1817,8.031291666666666
Ukraine,1818,8.210595744680852
Ukraine,1819,8.365145833333333
Ukraine,1820,7.581291666666668
Ukraine,1821,7.950446808510638
Ukraine,1822,8.592234042553192
Ukraine,1823,8.624333333333334
Ukraine,1824,9.759291666666668
Ukraine,1825,8.126916666666666
Ukraine,1826,8.42675
Ukraine,1827,9.262829787234043
Ukraine,1828,7.873446808510638
Ukraine,1829,6.599687499999999
Ukraine,1830,7.785413043478261
Ukraine,1831,7.432851063829787
Ukraine,1832,6.166687499999999
Ukraine,1833,8.122583333333333
Ukraine,1834,8.6986875
Ukraine,1835,7.6128333333333345
Ukraine,1836,8.388479166666666
Ukraine,1837,7.397520833333332
Ukraine,1838,6.953708333333334
Ukraine,1839,7.779063829787233
Ukraine,1840,6.799787234042554
Ukraine,1841,8.826416666666667
Ukraine,1842,7.290893617021277
Ukraine,1843,8.475891304347826
Ukraine,1844,7.438354166666667
Ukraine,1845,7.942958333333333
Ukraine,1846,8.543212765957447
Ukraine,1847,7.511382978723404
Ukraine,1848,8.763978723404255
Ukraine,1849,7.898020833333334
Ukraine,1850,8.120979166666666
Ukraine,1851,9.1074375
Ukraine,1852,8.079020833333333
Ukraine,1853,8.330851063829787
Ukraine,1854,8.315212765957448
Ukraine,1855,7.897520833333334
Ukraine,1856,7.9630638297872345
Ukraine,1857,8.193375000000001
Ukraine,1858,7.262270833333333
Ukraine,1859,9.180395833333334
Ukraine,1860,8.488291666666667
Ukraine,1861,7.060042553191489
Ukraine,1862,7.212208333333333
Ukraine,1863,9.147604166666666
Ukraine,1864,7.1792291666666666
Ukraine,1865,7.935875
Ukraine,1866,8.627229166666668
Ukraine,1867,7.8180625
Ukraine,1868,8.581354166666667
Ukraine,1869,9.033645833333333
Ukraine,1870,7.306416666666667
Ukraine,1871,6.963916666666667
Ukraine,1872,9.257510638297873
Ukraine,1873,8.692425531914893
Ukraine,1874,8.418270833333333
Ukraine,1875,6.6414583333333335
Ukraine,1876,7.8120416666666666
Ukraine,1877,7.845937500000001
Ukraine,1878,9.000916666666667
Ukraine,1879,7.806234042553192
Ukraine,1880,7.541583333333334
Ukraine,1881,6.992541666666667
Ukraine,1882,8.948708333333334
Ukraine,1883,7.857104166666667
Ukraine,1884,7.97325
Ukraine,1885,8.516729166666666
Ukraine,1886,8.446979166666667
Ukraine,1887,8.427395833333334
Ukraine,1888,7.159958333333333
Ukraine,1889,7.834659574468085
Ukraine,1890,8.300854166666667
Ukraine,1891,8.03908695652174
Ukraine,1892,8.32295744680851
Ukraine,1893,7.0839375
Ukraine,1894,7.922170212765958
Ukraine,1895,8.114282608695651
Ukraine,1896,7.9325625
Ukraine,1897,8.655304347826087
Ukraine,1898,8.172638297872341
Ukraine,1899,8.460208333333334
Ukraine,1900,8.701
Ukraine,1901,8.793291666666667
Ukraine,1902,7.502829787234043
Ukraine,1903,9.094520833333332
Ukraine,1904,8.116617021276596
Ukraine,1905,8.626541666666666
Ukraine,1906,9.049479166666666
Ukraine,1907,7.38775
Ukraine,1908,7.49631914893617
Ukraine,1909,8.409617021276595
Ukraine,1910,8.984326086956521
Ukraine,1911,7.749645833333333
Ukraine,1912,7.377
Ukraine,1913,8.709291666666667
Ukraine,1914,8.442479166666667
Ukraine,1915,8.449895833333334
Ukraine,1916,8.67051111111111
Ukraine,1917,7.906
Ukraine,1918,9.022708333333334
Ukraine,1919,8.008708333333333
Ukraine,1920,8.194583333333334
Ukraine,1921,8.384106382978723
Ukraine,1922,8.364936170212765
Ukraine,1923,8.986914893617021
Ukraine,1924,7.862395833333333
Ukraine,1925,9.177604166666667
Ukraine,1926,8.586416666666667
Ukraine,1927,8.426
Ukraine,1928,7.663479166666668
Ukraine,1929,6.886755555555555
Ukraine,1930,9.074625
Ukraine,1931,7.645979166666667
Ukraine,1932,8.4819375
Ukraine,1933,6.817304347826087
Ukraine,1934,9.376958333333333
Ukraine,1935,8.409083333333333
Ukraine,1936,9.45795744680851
Ukraine,1937,9.4085
Ukraine,1938,9.471458333333333
Ukraine,1939,9.445333333333334
Ukraine,1940,6.860659574468085
Ukraine,1941,7.057916666666667
Ukraine,1942,6.6933750000000005
Ukraine,1943,8.553645833333333
Ukraine,1944,8.70963829787234
Ukraine,1945,7.736625
Ukraine,1946,8.865479166666667
Ukraine,1947,8.3213125
Ukraine,1948,8.69725
Ukraine,1949,8.824255319148936
Ukraine,1950,8.872041666666666
Ukraine,1951,9.252416666666667
Ukraine,1952,8.792145833333334
Ukraine,1953,8.127553191489362
Ukraine,1954,7.971604166666666
Ukraine,1955,8.753416666666666
Ukraine,1956,7.0925
Ukraine,1957,9.042787234042553
Ukraine,1958,8.873145833333334
Ukraine,1959,8.452170212765958
Ukraine,1960,9.273666666666667
Ukraine,1961,9.356229166666667
Ukraine,1962,8.963895833333334
Ukraine,1963,7.902574468085106
Ukraine,1964,8.226583333333334
Ukraine,1965,7.9905531914893615
Ukraine,1966,10.002333333333334
Ukraine,1967,9.091770833333333
Ukraine,1968,8.7878125
Ukraine,1969,7.547499999999999
Ukraine,1970,9.021382978723404
Ukraine,1971,8.866645833333333
Ukraine,1972,9.014208333333334
Ukraine,1973,8.753468085106384
Ukraine,1974,8.892617021276596
Ukraine,1975,10.056041666666667
Ukraine,1976,7.5155
Ukraine,1977,8.933608695652174
Ukraine,1978,7.966
Ukraine,1979,8.902479166666668
Ukraine,1980,7.698958333333334
Ukraine,1981,9.354208333333334
Ukraine,1982,8.9523125
Ukraine,1983,9.615416666666667
Ukraine,1984,8.658520833333334
Ukraine,1985,7.165229166666667
Ukraine,1986,8.880413043478262
Ukraine,1987,6.996520833333332
Ukraine,1988,8.640382978723405
Ukraine,1989,10.20291489361702
Ukraine,1990,9.983510638297872
Ukraine,1991,8.849468085106384
Ukraine,1992,9.1588125
Ukraine,1993,8.270708333333333
Ukraine,1994,9.700604166666666
Ukraine,1995,9.142510638297873
Ukraine,1996,8.234020833333334
Ukraine,1997,8.407489361702128
Ukraine,1998,9.1595
Ukraine,1999,10.16775
Ukraine,2000,10.079500000000001
Ukraine,2001,9.424595744680852
Ukraine,2002,10.089125000000001
Ukraine,2003,8.9720625
Ukraine,2004,9.26459574468085
Ukraine,2005,9.574479166666666
Ukraine,2006,9.14675
Ukraine,2007,10.902652173913044
Ukraine,2008,10.26525
Ukraine,2009,10.082125
Ukraine,2010,10.129936170212767
Ukraine,2011,9.497979166666667
Ukraine,2012,10.013659574468084
Ukraine,2013,11.33271875
